https://eshop.vinarstviknezihora.cz/,https://eshop.vinarstviknezihora.cz/zasady-cookies-eu/
https://docs.openeuler.org/,https://www.openeuler.org/zh/other/cookies/
https://eshop.unipar.cz/,https://eshop.unipar.cz/cz/about/cookies
https://docs.paycomet.com/,https://docs.paycomet.com/es/politica-cookies
https://escph.dk/,https://escph.dk/cookie-policy-eu/#cmplz-cookies-overview
https://eshop.zahradnizabava.cz/,https://eshop.zahradnizabava.cz/cookies/
https://empondh.com/,https://empondh.com/cookies.html
https://evangelicalfocus.com/,https://evangelicalfocus.com/cookies-policy
https://escbasket.fr/,https://escbasket.fr/#tarteaucitron
https://docs.ischolar.app/,https://docs.ischolar.app/cookies?l=en-us
https://emploi.supermarchesmatch.fr/,https://emploi.supermarchesmatch.fr/fr/cookies
https://emprego-manpower.manpowergroup.pt/,https://manpower.manpowergroup.pt/politica-de-cookies
https://eskomvacanciesregistration.entryleveljobs.co.za/,https://eskomvacanciesregistration.entryleveljobs.co.za/cookie-policy/
https://evatenter.com/,https://automattic.com/cookies/
https://docs.greenflag.com/,https://docs.greenflag.com/Cookie
https://escolasadako.cat/,https://escolasadako.cat/politica-de-cookies
https://evaporto.com/,https://evaporto.com/politica-de-cookies/#cmplz-manage-consent-container
https://escolatecnicagirona.com/,https://escolatecnicagirona.com/cat/cookies.html
https://docs.opengauss.org/,https://opengauss.org/zh/cookies/
https://empregabrasil.com.br/,https://empregabrasil.com.br/politica-de-cookies-emprega-brasil/
https://escortstoledo.com/,https://escortstoledo.com/privacidadycookies/
https://emportertout.fr/,https://emportertout.fr/cookies
https://docs.hotpoint.eu/,https://docs.hotpoint.eu/cookie-policy
https://esi.learnondemand.net/,https://go.microsoft.com/fwlink/p/?LinkId=521839
https://eshop.tradegranit.cz/,https://cc.orsys.cz/cookie-policy.php?key=USGykrqBqhHN
https://docs.emeaappliance-docs.eu/,https://docs.emeaappliance-docs.eu/cookie-policy
https://eski.siparisdirekt.com/,https://cookiepedia.co.uk/giving-consent-to-cookies
https://eshop.vaszelinar.cz/,https://eshop.vaszelinar.cz/cookies
https://emprendeconhuevitos.com/,https://emprendeconhuevitos.com/politica-de-cookies/
https://eslegal.info/,https://eslegal.info/politica-de-cookies/
https://escaudain.fr/,https://escaudain.fr/modalites-relatives-aux-cookies
https://docs.feed-the-beast.com/,https://feed-the-beast.com/policies/cookie-policy
https://emprega.capivari.sp.gov.br/,https://emprega.capivari.sp.gov.br/warnings?type=cookies
https://docs.kore.ai/,https://kore.ai/cookie-policy/
https://escolharennova.com.br/,https://escolharennova.com.br/politica-de-cookies/
https://emploi.mitula.tn/,https://www.lifullconnect.com/cookie-policy-english/
https://esim.monster/,https://esim.monster/zasady-cookies-eu/#cmplz-manage-consent-container
https://emplois.sanivac.ca/,https://emplois.sanivac.ca/cookie-policy
https://docs.curseforge.com/,https://legal.overwolf.com/docs/overwolf/cookies-policy
https://ejslittlesister.com/,https://ejslittlesister.com/privacy-policy/
https://eventosconcorazon.es/,https://eventosconcorazon.es/politica-de-cookies
https://events.columbuslibrary.org/,https://events.columbuslibrary.org/privacy
https://elmilanminiaturas.com/,https://elmilanminiaturas.com/politica-de-cookies/
https://ejo.springeropen.com/,https://www.springeropen.com/cookies
https://elmolar.sedelectronica.es/,https://elmolar.sedelectronica.es/cookies
https://eloctavobit.com/,https://eloctavobit.com/#
https://ersatzteile.enders-germany.com/,https://ersatzteile.enders-germany.com/datenschutzerklaerung
https://eloflex.fr/,https://eloflex.fr/a-propos-de-nous/cookies/
https://elmundodemozart.com/,https://elmundodemozart.com/politica-de-cookies/#cmplz-manage-consent-container
https://espiritualidadignaciana.org/,https://espiritualidadignaciana.org/politica-de-cookies-ue/#cmplz-manage-consent-container
https://eventornado.com/,https://eventornado.com/cookie-policy
https://esperanza.pl/,"https://esperanza.pl/polityka-cookies,6,129.htm"
https://elminfo.com/,https://elminfo.com/cookie-policy/#cmplz-cookies-overview
https://event.businessfrance.fr/,https://cookiepedia.co.uk/giving-consent-to-cookies
https://eventoociomadrid.com/,https://eventoociomadrid.com/politica-de-cookies
https://espanadiariotv.com/,https://espanadiariotv.com/info/1687/cookies
https://elmotiv.bg/,https://support.google.com/chrome?p=rl_error&hl=en-US
https://events.bni.com.au/,http://bnitos.com/cookiepolicy.html
https://events.ceu.edu/,https://www.ceu.edu/cookie-statement#removal
https://elobe.cz/,https://elobe.cz/content/6-prohlaseni-o-pouziti-cookies
https://elod.pl/,https://cookie-script.com/
https://ejerciciosdocencia.wordpress.com/,https://automattic.com/cookies/
https://eventosyactividades.aquisebaila.es/,https://eventosyactividades.aquisebaila.es/pages/policy_cookies
https://elmetron.com.pl/,https://elmetron.com.pl/privacy-policy.html
https://espanoleschool.com/,https://espanoleschool.com/international-house-valencia/cookie-policy/
https://eventou.com.br/,https://eventou.com.br/politicas/cookies
https://erotikads.ch/,https://erotikads.ch/cookies-policy
https://espana.gastronomia.com/,https://espana.gastronomia.com/cookies
https://espacoiris.com.br/,https://espacoiris.com.br/politica-de-privacidade-e-cookies/
https://espejoled.com/,https://espejoled.com/content/politica-de-cookies
